area;information;2008;2009;2010;2011;2012;2013;2014;2015;2016
Alajarvi;num_of_families;2872;2854;2837;2795;2779;2782;2773;2726;2714
Alajarvi;avg_size_of_family;3.08;3.06;3.05;3.04;3.03;3.01;2.99;2.99;2.97
Alavieska;num_of_families;691;699;699;700;700;693;676;681;676
Alavieska;avg_size_of_family;3.23;3.2;3.21;3.19;3.18;3.17;3.16;3.13;3.09
Alavus;num_of_families;3453;3426;3381;3350;3332;3293;3262;3244;3215
Alavus;avg_size_of_family;3.01;2.99;2.97;2.96;2.96;2.96;2.94;2.93;2.91
Asikkala;num_of_families;2409;2395;2386;2390;2375;2371;2377;2338;2338
Asikkala;avg_size_of_family;2.78;2.77;2.76;2.74;2.74;2.72;2.7;2.69;2.69
Askola;num_of_families;1354;1373;1371;1395;1408;1402;1434;1432;1413
Askola;avg_size_of_family;2.98;2.99;2.99;2.98;2.99;2.99;2.97;2.98;2.99
Aura;num_of_families;1095;1078;1096;1106;1104;1098;1112;1111;1115
Aura;avg_size_of_family;2.96;2.96;2.95;2.98;2.95;2.95;2.94;2.93;2.91
Akaa;num_of_families;4710;4730;4775;4785;4782;4763;4748;4730;4692
Akaa;avg_size_of_family;2.86;2.85;2.85;2.84;2.84;2.84;2.84;2.83;2.83
Brando;num_of_families;135;129;126;123;123;124;126;121;122
Brando;avg_size_of_family;2.89;2.84;2.81;2.8;2.76;2.72;2.65;2.69;2.66
Eckero;num_of_families;254;260;277;279;268;271;266;270;276
Eckero;avg_size_of_family;2.84;2.75;2.69;2.72;2.7;2.64;2.65;2.6;2.53
Enonkoski;num_of_families;468;459;459;448;443;443;434;422;411
Enonkoski;avg_size_of_family;2.75;2.72;2.71;2.67;2.65;2.63;2.63;2.62;2.63
Enontekio;num_of_families;521;517;517;522;514;504;502;493;495
Enontekio;avg_size_of_family;2.83;2.78;2.76;2.75;2.78;2.8;2.8;2.78;2.78
Espoo;num_of_families;66294;66991;67719;68808;69752;70734;71843;72823;73931
Espoo;avg_size_of_family;2.9;2.89;2.9;2.89;2.89;2.89;2.89;2.89;2.88
Eura;num_of_families;3504;3499;3496;3446;3454;3451;3419;3379;3342
Eura;avg_size_of_family;2.83;2.82;2.82;2.81;2.8;2.79;2.8;2.78;2.76
Eurajoki;num_of_families;2704;2710;2729;2713;2746;2745;2744;2743;2756
Eurajoki;avg_size_of_family;2.86;2.85;2.84;2.84;2.82;2.81;2.81;2.8;2.79
Evijarvi;num_of_families;755;758;749;742;736;724;732;716;713
Evijarvi;avg_size_of_family;2.98;2.96;2.97;2.97;2.93;2.96;2.91;2.86;2.84
Finstrom;num_of_families;729;729;729;722;732;727;732;737;746
Finstrom;avg_size_of_family;2.84;2.83;2.82;2.85;2.84;2.83;2.82;2.79;2.81
Forssa;num_of_families;4869;4837;4875;4791;4768;4738;4696;4694;4628
Forssa;avg_size_of_family;2.67;2.66;2.65;2.64;2.63;2.63;2.61;2.6;2.6
Foglo;num_of_families;148;143;148;152;152;150;145;143;140
Foglo;avg_size_of_family;2.88;2.89;2.85;2.81;2.78;2.76;2.77;2.74;2.82
Geta;num_of_families;125;124;132;135;135;137;138;139;136
Geta;avg_size_of_family;2.82;2.8;2.78;2.84;2.86;2.74;2.73;2.74;2.71
Haapajarvi;num_of_families;2001;1983;1967;1963;1969;1956;1931;1938;1893
Haapajarvi;avg_size_of_family;3.13;3.14;3.12;3.11;3.11;3.1;3.07;3.04;3.05
Haapavesi;num_of_families;1889;1873;1902;1891;1863;1853;1857;1845;1816
Haapavesi;avg_size_of_family;3.22;3.19;3.16;3.15;3.13;3.11;3.09;3.1;3.11
Hailuoto;num_of_families;277;279;276;277;273;278;274;274;270
Hailuoto;avg_size_of_family;2.82;2.78;2.75;2.73;2.69;2.69;2.7;2.69;2.71
Halsua;num_of_families;368;364;359;357;345;346;348;345;344
Halsua;avg_size_of_family;3.04;2.98;2.93;2.92;2.92;2.9;2.86;2.87;2.86
Hamina;num_of_families;6128;6078;6066;6069;6027;5999;5928;5853;5781
Hamina;avg_size_of_family;2.71;2.71;2.7;2.69;2.68;2.67;2.67;2.66;2.65
Hammarland;num_of_families;426;432;451;453;448;457;462;457;446
Hammarland;avg_size_of_family;2.81;2.8;2.77;2.79;2.79;2.74;2.73;2.72;2.71
Hankasalmi;num_of_families;1453;1467;1480;1480;1440;1445;1424;1403;1387
Hankasalmi;avg_size_of_family;2.88;2.88;2.86;2.82;2.86;2.85;2.82;2.8;2.79
Hanko;num_of_families;2741;2721;2668;2642;2573;2528;2489;2455;2417
Hanko;avg_size_of_family;2.67;2.67;2.66;2.66;2.67;2.66;2.65;2.64;2.62
Harjavalta;num_of_families;2152;2126;2112;2106;2076;2046;2023;1988;1969
Harjavalta;avg_size_of_family;2.66;2.65;2.65;2.64;2.63;2.63;2.62;2.64;2.64
Hartola;num_of_families;909;894;881;864;843;832;824;791;769
Hartola;avg_size_of_family;2.71;2.66;2.66;2.62;2.62;2.58;2.57;2.54;2.52
Hattula;num_of_families;2750;2778;2801;2814;2809;2815;2837;2852;2834
Hattula;avg_size_of_family;2.89;2.89;2.87;2.86;2.87;2.85;2.85;2.83;2.82
Hausjarvi;num_of_families;2493;2492;2495;2493;2513;2508;2500;2482;2444
Hausjarvi;avg_size_of_family;2.91;2.92;2.92;2.9;2.92;2.9;2.9;2.88;2.88
Heinavesi;num_of_families;1099;1068;1037;1016;988;968;975;970;958
Heinavesi;avg_size_of_family;2.71;2.7;2.7;2.69;2.66;2.65;2.63;2.6;2.56
Helsinki;num_of_families;141379;143281;144528;146113;148303;150602;152650;154753;156620
Helsinki;avg_size_of_family;2.65;2.65;2.65;2.65;2.65;2.65;2.65;2.66;2.66
Vantaa;num_of_families;54221;54745;55216;55919;56486;57125;57750;58550;59478
Vantaa;avg_size_of_family;2.82;2.82;2.82;2.82;2.81;2.81;2.8;2.8;2.79
Hirvensalmi;num_of_families;658;648;639;633;630;626;623;616;612
Hirvensalmi;avg_size_of_family;2.77;2.72;2.74;2.7;2.69;2.66;2.67;2.65;2.63
Hollola;num_of_families;6868;6882;6929;6930;6892;6898;6897;6859;6812
Hollola;avg_size_of_family;2.92;2.91;2.89;2.89;2.89;2.87;2.85;2.84;2.83
Honkajoki;num_of_families;536;532;532;533;522;515;510;506;500
Honkajoki;avg_size_of_family;2.79;2.79;2.76;2.73;2.75;2.75;2.74;2.75;2.71
Huittinen;num_of_families;2936;2943;2943;2934;2933;2903;2883;2892;2867
Huittinen;avg_size_of_family;2.77;2.76;2.74;2.74;2.73;2.72;2.71;2.7;2.7
Humppila;num_of_families;735;726;717;711;706;690;679;667;645
Humppila;avg_size_of_family;2.77;2.76;2.77;2.77;2.77;2.79;2.79;2.78;2.77
Hyrynsalmi;num_of_families;806;786;776;769;743;733;724;691;678
Hyrynsalmi;avg_size_of_family;2.75;2.71;2.66;2.64;2.61;2.59;2.56;2.56;2.58
Hyvinkaa;num_of_families;12349;12371;12455;12489;12516;12693;12727;12716;12715
Hyvinkaa;avg_size_of_family;2.81;2.81;2.8;2.79;2.77;2.76;2.76;2.75;2.74
Hameenkyro;num_of_families;2886;2917;2955;2975;2966;2980;2972;2979;2977
Hameenkyro;avg_size_of_family;2.86;2.86;2.85;2.84;2.83;2.82;2.84;2.83;2.84
Hameenlinna;num_of_families;17942;18088;18128;18215;18320;18429;18396;18401;18278
Hameenlinna;avg_size_of_family;2.75;2.74;2.74;2.73;2.72;2.71;2.71;2.71;2.7
Heinola;num_of_families;5751;5715;5648;5622;5526;5540;5441;5351;5248
Heinola;avg_size_of_family;2.66;2.65;2.65;2.63;2.62;2.6;2.58;2.58;2.58
Ii;num_of_families;2432;2458;2495;2528;2558;2579;2581;2561;2560
Ii;avg_size_of_family;3.16;3.16;3.15;3.14;3.12;3.12;3.13;3.13;3.12
Iisalmi;num_of_families;6210;6167;6137;6143;6142;6131;6083;6042;5937
Iisalmi;avg_size_of_family;2.74;2.72;2.71;2.72;2.7;2.71;2.71;2.7;2.7
Iitti;num_of_families;1952;1952;1938;1926;1909;1922;1912;1894;1887
Iitti;avg_size_of_family;2.76;2.75;2.74;2.73;2.72;2.72;2.72;2.71;2.7
Ikaalinen;num_of_families;2092;2088;2088;2058;2061;2038;2017;1974;1957
Ikaalinen;avg_size_of_family;2.74;2.72;2.72;2.72;2.7;2.7;2.71;2.7;2.69
Ilmajoki;num_of_families;3295;3330;3338;3372;3401;3441;3473;3462;3459
Ilmajoki;avg_size_of_family;2.99;2.98;2.98;2.96;2.96;2.94;2.94;2.94;2.93
Ilomantsi;num_of_families;1666;1655;1629;1611;1554;1536;1523;1471;1441
Ilomantsi;avg_size_of_family;2.62;2.6;2.57;2.56;2.55;2.55;2.51;2.49;2.5
Inari;num_of_families;1890;1897;1857;1862;1853;1855;1840;1814;1815
Inari;avg_size_of_family;2.77;2.75;2.72;2.7;2.68;2.68;2.68;2.68;2.68
Inkoo;num_of_families;1618;1631;1621;1617;1602;1614;1616;1604;1618
Inkoo;avg_size_of_family;2.87;2.86;2.85;2.84;2.84;2.82;2.84;2.82;2.8
Isojoki;num_of_families;644;628;631;613;602;601;582;554;549
Isojoki;avg_size_of_family;2.87;2.86;2.84;2.85;2.81;2.77;2.77;2.78;2.75
Isokyro;num_of_families;1381;1364;1372;1364;1352;1342;1335;1322;1296
Isokyro;avg_size_of_family;2.94;2.93;2.92;2.9;2.89;2.88;2.89;2.89;2.88
Imatra;num_of_families;7953;7870;7833;7848;7786;7761;7723;7633;7506
Imatra;avg_size_of_family;2.65;2.65;2.64;2.63;2.61;2.6;2.59;2.6;2.59
Janakkala;num_of_families;4647;4708;4715;4752;4743;4747;4719;4721;4701
Janakkala;avg_size_of_family;2.85;2.86;2.87;2.85;2.84;2.82;2.83;2.81;2.79
Joensuu;num_of_families;19425;19524;19673;19693;19648;19760;19895;19811;19882
Joensuu;avg_size_of_family;2.72;2.71;2.7;2.69;2.69;2.68;2.67;2.67;2.66
Jokioinen;num_of_families;1648;1630;1623;1602;1594;1573;1566;1544;1515
Jokioinen;avg_size_of_family;2.9;2.9;2.9;2.9;2.89;2.88;2.85;2.82;2.8
Jomala;num_of_families;1151;1183;1201;1258;1284;1286;1342;1361;1387
Jomala;avg_size_of_family;2.94;2.94;2.95;2.93;2.93;2.95;2.93;2.94;2.95
Joroinen;num_of_families;1539;1536;1518;1509;1506;1491;1488;1482;1452
Joroinen;avg_size_of_family;2.8;2.77;2.78;2.76;2.73;2.71;2.69;2.67;2.67
Joutsa;num_of_families;1389;1376;1387;1366;1341;1332;1300;1263;1253
Joutsa;avg_size_of_family;2.71;2.7;2.67;2.63;2.62;2.6;2.59;2.59;2.57
Juuka;num_of_families;1553;1561;1532;1486;1453;1416;1393;1368;1315
Juuka;avg_size_of_family;2.77;2.73;2.71;2.69;2.67;2.64;2.62;2.59;2.6
Juupajoki;num_of_families;583;567;572;564;558;565;570;554;547
Juupajoki;avg_size_of_family;2.9;2.89;2.83;2.78;2.8;2.78;2.78;2.77;2.75
Juva;num_of_families;1971;1949;1922;1903;1878;1844;1811;1796;1759
Juva;avg_size_of_family;2.77;2.76;2.73;2.71;2.69;2.68;2.68;2.67;2.66
Jyvaskyla;num_of_families;34238;34665;34747;35069;35450;35598;35692;35998;36137
Jyvaskyla;avg_size_of_family;2.75;2.75;2.75;2.74;2.74;2.74;2.74;2.73;2.72
Jamijarvi;num_of_families;590;575;570;568;572;555;554;535;526
Jamijarvi;avg_size_of_family;2.87;2.85;2.83;2.8;2.76;2.77;2.82;2.82;2.81
Jamsa;num_of_families;6414;6355;6331;6253;6201;6175;6071;6003;5915
Jamsa;avg_size_of_family;2.77;2.75;2.73;2.73;2.72;2.7;2.69;2.68;2.67
Jarvenpaa;num_of_families;10660;10740;10767;10850;11023;11093;11233;11321;11450
Jarvenpaa;avg_size_of_family;2.84;2.85;2.83;2.82;2.81;2.81;2.79;2.79;2.79
Kaarina;num_of_families;8911;8982;9045;9100;9180;9251;9321;9444;9487
Kaarina;avg_size_of_family;2.87;2.87;2.87;2.86;2.85;2.85;2.85;2.85;2.83
Kaavi;num_of_families;938;943;941;936;902;873;861;860;849
Kaavi;avg_size_of_family;2.79;2.75;2.7;2.71;2.69;2.69;2.67;2.67;2.67
Kajaani;num_of_families;10590;10554;10502;10466;10445;10377;10275;10210;10073
Kajaani;avg_size_of_family;2.77;2.77;2.76;2.75;2.74;2.74;2.74;2.73;2.73
Kalajoki;num_of_families;3462;3471;3475;3492;3533;3523;3494;3473;3434
Kalajoki;avg_size_of_family;3.04;3.02;3.01;3;2.97;2.97;2.97;2.97;2.95
Kangasala;num_of_families;8406;8454;8514;8569;8660;8701;8723;8737;8856
Kangasala;avg_size_of_family;2.92;2.92;2.92;2.91;2.9;2.9;2.9;2.89;2.89
Kangasniemi;num_of_families;1633;1617;1619;1607;1623;1612;1571;1528;1517
Kangasniemi;avg_size_of_family;2.74;2.73;2.69;2.66;2.64;2.63;2.62;2.63;2.61
Kankaanpaa;num_of_families;3408;3374;3333;3355;3291;3259;3229;3220;3209
Kankaanpaa;avg_size_of_family;2.78;2.78;2.76;2.74;2.73;2.74;2.74;2.71;2.7
Kannonkoski;num_of_families;435;421;415;411;409;399;382;379;370
Kannonkoski;avg_size_of_family;2.82;2.83;2.82;2.8;2.82;2.84;2.83;2.81;2.8
Kannus;num_of_families;1528;1539;1535;1525;1550;1542;1534;1522;1526
Kannus;avg_size_of_family;3.09;3.09;3.06;3.04;3.02;2.99;2.98;2.96;2.94
Karijoki;num_of_families;428;425;427;425;423;408;388;377;375
Karijoki;avg_size_of_family;2.85;2.78;2.73;2.74;2.72;2.7;2.68;2.65;2.65
Karkkila;num_of_families;2504;2521;2550;2542;2537;2523;2476;2465;2454
Karkkila;avg_size_of_family;2.8;2.8;2.79;2.79;2.78;2.77;2.77;2.78;2.78
Karstula;num_of_families;1317;1293;1283;1264;1241;1241;1228;1236;1224
Karstula;avg_size_of_family;2.8;2.79;2.77;2.78;2.75;2.73;2.72;2.71;2.71
Karvia;num_of_families;753;735;714;721;698;692;680;671;660
Karvia;avg_size_of_family;2.81;2.81;2.83;2.76;2.76;2.76;2.74;2.72;2.7
Kaskinen;num_of_families;429;420;422;413;407;398;390;385;381
Kaskinen;avg_size_of_family;2.7;2.68;2.65;2.62;2.61;2.6;2.56;2.52;2.54
Kauhajoki;num_of_families;3934;3961;3906;3915;3917;3929;3896;3844;3820
Kauhajoki;avg_size_of_family;2.88;2.86;2.85;2.84;2.83;2.79;2.79;2.78;2.78
Kauhava;num_of_families;4874;4799;4760;4761;4764;4729;4707;4659;4616
Kauhava;avg_size_of_family;2.97;2.96;2.93;2.91;2.89;2.87;2.86;2.85;2.84
Kauniainen;num_of_families;2318;2335;2376;2392;2434;2508;2590;2607;2585
Kauniainen;avg_size_of_family;3.05;3.03;3.01;3.03;3;2.98;2.96;2.96;2.95
Kaustinen;num_of_families;1228;1237;1238;1237;1244;1247;1243;1252;1263
Kaustinen;avg_size_of_family;2.97;2.93;2.93;2.93;2.91;2.9;2.89;2.89;2.86
Keitele;num_of_families;725;710;714;699;698;688;673;672;659
Keitele;avg_size_of_family;2.73;2.71;2.68;2.7;2.68;2.64;2.65;2.64;2.63
Kemi;num_of_families;6144;6070;6043;6028;5961;5920;5771;5733;5661
Kemi;avg_size_of_family;2.68;2.69;2.68;2.66;2.66;2.66;2.67;2.66;2.65
Keminmaa;num_of_families;2494;2488;2503;2481;2509;2494;2473;2459;2438
Keminmaa;avg_size_of_family;2.9;2.88;2.84;2.86;2.84;2.83;2.82;2.79;2.79
Kempele;num_of_families;4319;4414;4431;4504;4560;4618;4688;4725;4807
Kempele;avg_size_of_family;3.13;3.12;3.15;3.14;3.13;3.12;3.13;3.12;3.1
Kerava;num_of_families;9368;9433;9560;9593;9584;9705;9796;9762;9824
Kerava;avg_size_of_family;2.8;2.79;2.78;2.78;2.76;2.76;2.75;2.74;2.74
Keuruu;num_of_families;3007;2957;2923;2900;2877;2838;2814;2783;2745
Keuruu;avg_size_of_family;2.74;2.73;2.72;2.71;2.7;2.67;2.65;2.65;2.65
Kihnia;num_of_families;630;632;630;618;604;599;588;573;565
Kihnia;avg_size_of_family;2.79;2.81;2.79;2.78;2.8;2.75;2.75;2.74;2.73
Kinnula;num_of_families;468;458;469;472;460;456;458;456;441
Kinnula;avg_size_of_family;3.15;3.16;3.07;3.06;3.05;3.06;3.05;3;3.02
Kirkkonummi;num_of_families;10176;10340;10400;10497;10594;10655;10752;10829;10932
Kirkkonummi;avg_size_of_family;3.02;3.02;3.03;3.01;3.01;3;2.99;2.98;2.97
Kitee;num_of_families;3345;3317;3248;3216;3171;3144;3087;3034;3029
Kitee;avg_size_of_family;2.74;2.7;2.7;2.68;2.66;2.63;2.63;2.62;2.6
Kittila;num_of_families;1625;1641;1658;1692;1710;1696;1672;1635;1591
Kittila;avg_size_of_family;2.81;2.82;2.8;2.78;2.77;2.77;2.77;2.78;2.78
Kiuruvesi;num_of_families;2498;2480;2452;2416;2398;2372;2341;2308;2259
Kiuruvesi;avg_size_of_family;2.85;2.84;2.82;2.8;2.79;2.78;2.77;2.74;2.73
Kivijarvi;num_of_families;345;348;354;347;342;331;328;322;306
Kivijarvi;avg_size_of_family;3.03;3.01;2.96;2.93;2.92;2.88;2.88;2.81;2.78
Kokemaki;num_of_families;2292;2260;2229;2224;2216;2198;2170;2138;2107
Kokemaki;avg_size_of_family;2.73;2.72;2.72;2.7;2.69;2.67;2.67;2.66;2.66
Kokkola;num_of_families;12723;12818;12882;13042;13067;13104;13136;13177;13170
Kokkola;avg_size_of_family;2.92;2.91;2.91;2.89;2.89;2.89;2.89;2.89;2.89
Kolari;num_of_families;1072;1088;1073;1070;1078;1068;1054;1048;1035
Kolari;avg_size_of_family;2.83;2.79;2.77;2.76;2.75;2.74;2.72;2.71;2.7
Konnevesi;num_of_families;814;806;802;800;807;780;777;767;755
Konnevesi;avg_size_of_family;2.84;2.82;2.84;2.79;2.76;2.75;2.72;2.69;2.71
Kontiolahti;num_of_families;3833;3871;3912;4004;4073;4117;4171;4194;4197
Kontiolahti;avg_size_of_family;3.03;3.03;3.02;3.02;3.01;3;3;3.01;3
Korsnas;num_of_families;653;659;665;656;658;658;652;645;627
Korsnas;avg_size_of_family;2.84;2.85;2.84;2.85;2.84;2.81;2.81;2.82;2.83
Koski_Tl;num_of_families;672;667;655;663;674;660;665;651;658
Koski_Tl;avg_size_of_family;2.77;2.78;2.78;2.76;2.76;2.77;2.77;2.76;2.73
Kotka;num_of_families;14772;14800;14758;14637;14594;14546;14454;14348;14281
Kotka;avg_size_of_family;2.68;2.68;2.68;2.68;2.68;2.68;2.67;2.66;2.65
Kouvola;num_of_families;24405;24394;24307;24106;24014;23904;23726;23478;23296
Kouvola;avg_size_of_family;2.73;2.72;2.71;2.7;2.69;2.68;2.68;2.67;2.66
Kristiinankaupunki;num_of_families;2109;2098;2072;2040;2033;2031;1995;1988;1966
Kristiinankaupunki;avg_size_of_family;2.75;2.74;2.72;2.72;2.71;2.68;2.67;2.64;2.64
Kruunupyy;num_of_families;1913;1931;1942;1940;1929;1931;1928;1954;1937
Kruunupyy;avg_size_of_family;3.06;3.04;3.02;2.99;3;2.99;2.98;2.95;2.94
Kuhmo;num_of_families;2735;2684;2653;2601;2563;2552;2504;2450;2393
Kuhmo;avg_size_of_family;2.75;2.73;2.71;2.7;2.69;2.65;2.63;2.63;2.62
Kuhmoinen;num_of_families;706;687;675;662;647;637;629;615;608
Kuhmoinen;avg_size_of_family;2.58;2.59;2.57;2.56;2.52;2.52;2.52;2.51;2.49
Kumlinge;num_of_families;91;93;95;91;86;85;86;85;83
Kumlinge;avg_size_of_family;2.91;2.99;2.87;2.95;2.85;2.81;2.76;2.68;2.7
Kuopio;num_of_families;30103;30289;30398;30520;30821;31057;31224;31363;31442
Kuopio;avg_size_of_family;2.73;2.72;2.72;2.7;2.7;2.69;2.69;2.69;2.68
Kuortane;num_of_families;1137;1126;1106;1115;1110;1092;1069;1056;1050
Kuortane;avg_size_of_family;2.87;2.85;2.86;2.84;2.8;2.82;2.8;2.81;2.79
Kurikka;num_of_families;6461;6422;6425;6383;6335;6293;6226;6162;6080
Kurikka;avg_size_of_family;2.89;2.87;2.86;2.84;2.83;2.82;2.82;2.79;2.79
Kustavi;num_of_families;249;245;250;254;253;255;254;255;254
Kustavi;avg_size_of_family;2.67;2.63;2.59;2.59;2.56;2.49;2.52;2.5;2.48
Kuusamo;num_of_families;4647;4638;4599;4616;4565;4489;4454;4383;4320
Kuusamo;avg_size_of_family;2.91;2.89;2.86;2.82;2.8;2.78;2.77;2.76;2.74
Outokumpu;num_of_families;2060;2039;2031;2009;2004;2000;1970;1948;1931
Outokumpu;avg_size_of_family;2.71;2.69;2.67;2.66;2.66;2.65;2.65;2.66;2.66
Kyyjarvi;num_of_families;423;419;408;413;396;383;366;364;364
Kyyjarvi;avg_size_of_family;2.92;2.88;2.89;2.87;2.87;2.87;2.9;2.86;2.87
Karkola;num_of_families;1378;1371;1364;1368;1357;1360;1343;1312;1287
Karkola;avg_size_of_family;2.83;2.82;2.82;2.78;2.77;2.77;2.74;2.73;2.71
Karsamaki;num_of_families;743;720;715;701;683;677;682;667;670
Karsamaki;avg_size_of_family;3.14;3.15;3.14;3.12;3.11;3.09;3.07;3.06;3.04
Kokar;num_of_families;66;67;65;61;63;68;66;69;63
Kokar;avg_size_of_family;2.92;2.9;2.88;2.92;2.84;2.71;2.74;2.65;2.68
Kemijarvi;num_of_families;2457;2401;2369;2348;2289;2253;2239;2189;2147
Kemijarvi;avg_size_of_family;2.62;2.61;2.59;2.57;2.55;2.55;2.52;2.51;2.51
Kemionsaari;num_of_families;2055;2039;2029;2034;1991;1975;1977;1975;1926
Kemionsaari;avg_size_of_family;2.75;2.75;2.72;2.7;2.69;2.68;2.66;2.65;2.67
Lahti;num_of_families;30836;31007;31184;31388;31506;31482;31465;31459;31534
Lahti;avg_size_of_family;2.71;2.7;2.7;2.69;2.69;2.68;2.68;2.68;2.67
Laihia;num_of_families;2209;2259;2272;2309;2317;2304;2313;2321;2324
Laihia;avg_size_of_family;2.89;2.89;2.89;2.87;2.88;2.88;2.9;2.89;2.9
Laitila;num_of_families;2368;2353;2354;2322;2350;2357;2339;2331;2331
Laitila;avg_size_of_family;2.81;2.8;2.8;2.82;2.8;2.8;2.82;2.8;2.8
Lapinlahti;num_of_families;2821;2812;2807;2791;2774;2756;2745;2701;2659
Lapinlahti;avg_size_of_family;2.89;2.86;2.84;2.84;2.82;2.8;2.78;2.77;2.78
Lappajarvi;num_of_families;975;957;956;956;944;928;909;916;895
Lappajarvi;avg_size_of_family;2.95;2.94;2.88;2.88;2.85;2.81;2.81;2.78;2.79
Lappeenranta;num_of_families;19505;19444;19427;19448;19504;19513;19509;19408;19334
Lappeenranta;avg_size_of_family;2.71;2.7;2.69;2.69;2.68;2.68;2.68;2.68;2.68
Lapinjarvi;num_of_families;807;796;802;802;799;803;795;793;773
Lapinjarvi;avg_size_of_family;2.85;2.86;2.78;2.75;2.74;2.71;2.69;2.68;2.68
Lapua;num_of_families;3934;3951;4009;4024;4055;4079;4088;4055;4021
Lapua;avg_size_of_family;2.96;2.96;2.94;2.94;2.95;2.93;2.92;2.92;2.92
Laukaa;num_of_families;4921;5007;5034;5105;5160;5177;5195;5250;5220
Laukaa;avg_size_of_family;3.03;3.02;3.02;3;3.01;3.01;3.02;3.02;3.03
Lemi;num_of_families;865;865;878;874;883;896;894;892;887
Lemi;avg_size_of_family;2.88;2.86;2.85;2.85;2.83;2.87;2.86;2.83;2.84
Lemland;num_of_families;508;519;524;542;550;565;573;596;607
Lemland;avg_size_of_family;3.04;2.99;3;2.99;2.99;2.96;2.94;2.88;2.88
Lempaala;num_of_families;5619;5753;5838;5912;6052;6101;6216;6287;6307
Lempaala;avg_size_of_family;3.03;3.02;3.04;3.04;3.04;3.06;3.05;3.05;3.06
Leppavirta;num_of_families;3052;3024;2991;2964;2902;2869;2830;2805;2789
Leppavirta;avg_size_of_family;2.76;2.74;2.75;2.73;2.73;2.71;2.7;2.69;2.67
Lestijarvi;num_of_families;227;223;227;226;219;218;221;217;216
Lestijarvi;avg_size_of_family;3.1;3.01;2.96;2.97;2.96;2.94;2.94;2.87;2.93
Lieksa;num_of_families;3498;3450;3409;3382;3347;3340;3293;3195;3115
Lieksa;avg_size_of_family;2.62;2.6;2.59;2.58;2.56;2.56;2.55;2.53;2.51
Lieto;num_of_families;5203;5284;5349;5487;5592;5649;5655;5693;5765
Lieto;avg_size_of_family;2.97;2.97;2.97;2.97;2.96;2.94;2.95;2.93;2.91
Liminka;num_of_families;2149;2187;2218;2245;2291;2342;2386;2412;2430
Liminka;avg_size_of_family;3.63;3.68;3.71;3.7;3.73;3.72;3.72;3.75;3.74
Liperi;num_of_families;3360;3379;3436;3424;3469;3495;3489;3495;3442
Liperi;avg_size_of_family;2.93;2.92;2.9;2.89;2.88;2.86;2.85;2.83;2.84
Loimaa;num_of_families;4686;4632;4593;4579;4526;4504;4500;4429;4381
Loimaa;avg_size_of_family;2.79;2.78;2.77;2.75;2.75;2.75;2.73;2.73;2.71
Loppi;num_of_families;2301;2330;2341;2350;2352;2345;2318;2283;2264
Loppi;avg_size_of_family;2.93;2.93;2.93;2.93;2.93;2.92;2.91;2.9;2.88
Loviisa;num_of_families;4331;4325;4357;4335;4309;4324;4316;4253;4215
Loviisa;avg_size_of_family;2.75;2.74;2.73;2.73;2.72;2.71;2.71;2.7;2.69
Luhanka;num_of_families;238;234;237;226;216;209;205;204;203
Luhanka;avg_size_of_family;2.65;2.66;2.62;2.62;2.62;2.66;2.67;2.66;2.68
Lumijoki;num_of_families;475;490;489;488;488;499;496;501;508
Lumijoki;avg_size_of_family;3.49;3.47;3.47;3.52;3.56;3.56;3.55;3.52;3.56
Lumparland;num_of_families;115;117;117;117;118;123;128;125;123
Lumparland;avg_size_of_family;2.77;2.77;2.77;2.79;2.73;2.78;2.75;2.74;2.66
Luoto;num_of_families;1130;1159;1196;1217;1234;1253;1260;1281;1291
Luoto;avg_size_of_family;3.82;3.79;3.75;3.76;3.74;3.75;3.74;3.7;3.69
Luumaki;num_of_families;1445;1447;1429;1404;1378;1377;1354;1320;1325
Luumaki;avg_size_of_family;2.73;2.71;2.71;2.71;2.69;2.69;2.69;2.68;2.66
Lohja;num_of_families;13093;13182;13289;13297;13335;13326;13260;13191;13078
Lohja;avg_size_of_family;2.84;2.84;2.84;2.83;2.82;2.82;2.81;2.8;2.79
Parainen;num_of_families;4430;4473;4431;4462;4489;4466;4455;4457;4432
Parainen;avg_size_of_family;2.82;2.81;2.83;2.81;2.81;2.8;2.8;2.78;2.77
Maalahti;num_of_families;1628;1647;1638;1642;1639;1639;1636;1629;1619
Maalahti;avg_size_of_family;2.79;2.78;2.78;2.79;2.78;2.77;2.76;2.76;2.76
Maarianhamina;num_of_families;2868;2909;2940;2983;3010;3019;3019;3012;3027
Maarianhamina;avg_size_of_family;2.72;2.71;2.69;2.68;2.68;2.69;2.69;2.68;2.67
Marttila;num_of_families;566;555;535;534;540;545;558;540;553
Marttila;avg_size_of_family;2.8;2.82;2.84;2.84;2.84;2.86;2.82;2.83;2.78
Masku;num_of_families;2707;2745;2775;2822;2864;2895;2907;2887;2890
Masku;avg_size_of_family;3.03;3.02;3.03;3.02;3;2.98;2.98;2.96;2.95
Merijarvi;num_of_families;272;287;289;294;287;276;277;269;268
Merijarvi;avg_size_of_family;3.6;3.49;3.44;3.41;3.4;3.42;3.39;3.42;3.44
Merikarvia;num_of_families;943;932;920;922;912;894;887;880;873
Merikarvia;avg_size_of_family;2.79;2.78;2.75;2.7;2.71;2.7;2.74;2.7;2.7
Miehikkala;num_of_families;629;620;604;589;585;580;590;576;566
Miehikkala;avg_size_of_family;2.76;2.75;2.73;2.75;2.74;2.71;2.66;2.66;2.64
Mikkeli;num_of_families;14909;14867;14847;14829;14844;14851;14761;14715;14610
Mikkeli;avg_size_of_family;2.75;2.74;2.73;2.72;2.71;2.7;2.7;2.7;2.69
Muhos;num_of_families;2302;2333;2333;2302;2310;2320;2314;2330;2328
Muhos;avg_size_of_family;3.2;3.21;3.21;3.24;3.24;3.25;3.24;3.25;3.23
Multia;num_of_families;517;513;511;500;487;470;466;459;451
Multia;avg_size_of_family;2.86;2.84;2.84;2.81;2.81;2.8;2.82;2.79;2.74
Muonio;num_of_families;661;672;671;650;639;640;630;637;634
Muonio;avg_size_of_family;2.86;2.84;2.84;2.88;2.9;2.87;2.87;2.81;2.81
Mustasaari;num_of_families;5403;5444;5554;5625;5678;5718;5725;5738;5746
Mustasaari;avg_size_of_family;2.91;2.91;2.91;2.9;2.9;2.9;2.9;2.9;2.89
Muurame;num_of_families;2619;2626;2628;2700;2724;2744;2776;2801;2861
Muurame;avg_size_of_family;3.04;3.04;3.03;3.02;3.02;3;3;3;2.98
Mynamaki;num_of_families;2282;2309;2318;2338;2310;2308;2295;2291;2294
Mynamaki;avg_size_of_family;2.9;2.87;2.85;2.81;2.81;2.8;2.78;2.76;2.75
Myrskyla;num_of_families;578;581;572;574;570;574;575;563;567
Myrskyla;avg_size_of_family;2.83;2.82;2.8;2.79;2.8;2.78;2.78;2.76;2.76
Mantsala;num_of_families;5414;5455;5489;5557;5659;5697;5704;5761;5778
Mantsala;avg_size_of_family;3.04;3.06;3.06;3.04;3.03;3.02;3.01;2.99;2.99
Mantyharju;num_of_families;1783;1763;1758;1745;1732;1707;1705;1672;1641
Mantyharju;avg_size_of_family;2.7;2.7;2.67;2.66;2.66;2.65;2.64;2.63;2.64
Mantta-Vilppula;num_of_families;3284;3208;3196;3169;3103;3044;2997;2966;2906
Mantta-Vilppula;avg_size_of_family;2.66;2.66;2.64;2.63;2.62;2.61;2.6;2.59;2.58
Naantali;num_of_families;5324;5388;5396;5412;5416;5444;5426;5444;5429
Naantali;avg_size_of_family;2.83;2.81;2.8;2.79;2.77;2.76;2.75;2.75;2.75
Nakkila;num_of_families;1680;1652;1660;1652;1648;1631;1635;1623;1590
Nakkila;avg_size_of_family;2.79;2.79;2.79;2.81;2.79;2.8;2.75;2.76;2.74
Nivala;num_of_families;2801;2801;2805;2785;2757;2739;2756;2725;2766
Nivala;avg_size_of_family;3.23;3.24;3.23;3.25;3.26;3.26;3.24;3.25;3.22
Nokia;num_of_families;8801;8916;8943;9042;9153;9181;9202;9281;9244
Nokia;avg_size_of_family;2.86;2.86;2.86;2.87;2.86;2.87;2.86;2.86;2.86
Nousiainen;num_of_families;1396;1400;1411;1398;1415;1430;1422;1429;1415
Nousiainen;avg_size_of_family;3.02;3.01;3.01;3;2.98;2.96;2.96;2.94;2.93
Nurmes;num_of_families;2350;2331;2302;2276;2248;2222;2186;2163;2127
Nurmes;avg_size_of_family;2.72;2.7;2.68;2.65;2.65;2.63;2.63;2.62;2.61
Nurmijarvi;num_of_families;10941;11097;11161;11286;11427;11555;11659;11740;11757
Nurmijarvi;avg_size_of_family;3.08;3.09;3.08;3.07;3.05;3.05;3.04;3.03;3.01
Narpio;num_of_families;2754;2755;2737;2737;2735;2736;2732;2718;2743
Narpio;avg_size_of_family;2.81;2.79;2.79;2.77;2.76;2.74;2.74;2.74;2.74
Orimattila;num_of_families;4472;4507;4501;4504;4505;4523;4522;4504;4497
Orimattila;avg_size_of_family;2.88;2.87;2.86;2.85;2.83;2.83;2.81;2.81;2.81
Oripaa;num_of_families;376;380;381;379;383;379;378;364;361
Oripaa;avg_size_of_family;2.93;2.92;2.93;2.95;2.96;2.95;2.95;2.91;2.89
Orivesi;num_of_families;2670;2703;2708;2694;2668;2687;2687;2625;2596
Orivesi;avg_size_of_family;2.78;2.76;2.74;2.74;2.73;2.73;2.72;2.72;2.7
Oulainen;num_of_families;2131;2090;2082;2107;2092;2050;2026;2005;1984
Oulainen;avg_size_of_family;3.03;3.02;3;2.98;2.97;2.97;2.97;2.95;2.95
Oulu;num_of_families;47294;47889;48538;49060;49652;50218;50670;51166;51528
Oulu;avg_size_of_family;2.91;2.91;2.9;2.9;2.9;2.9;2.89;2.89;2.88
Padasjoki;num_of_families;966;949;945;932;921;909;896;882;858
Padasjoki;avg_size_of_family;2.73;2.72;2.71;2.7;2.68;2.65;2.61;2.58;2.59
Paimio;num_of_families;2890;2939;2981;3012;3026;3038;3046;3014;3038
Paimio;avg_size_of_family;2.84;2.84;2.84;2.83;2.84;2.84;2.84;2.84;2.84
Paltamo;num_of_families;1088;1074;1059;1035;1016;984;979;968;947
Paltamo;avg_size_of_family;2.84;2.8;2.78;2.76;2.74;2.72;2.69;2.66;2.68
Parikkala;num_of_families;1645;1623;1591;1542;1527;1503;1485;1447;1395
Parikkala;avg_size_of_family;2.7;2.66;2.65;2.66;2.64;2.63;2.59;2.57;2.57
Parkano;num_of_families;1982;1976;1953;1946;1933;1920;1901;1886;1836
Parkano;avg_size_of_family;2.79;2.78;2.78;2.77;2.74;2.74;2.73;2.73;2.73
Pelkosenniemi;num_of_families;285;291;285;274;271;273;268;266;263
Pelkosenniemi;avg_size_of_family;2.62;2.58;2.53;2.49;2.46;2.47;2.45;2.43;2.48
Perho;num_of_families;745;726;721;715;716;717;706;712;716
Perho;avg_size_of_family;3.5;3.51;3.48;3.48;3.48;3.47;3.48;3.51;3.47
Pertunmaa;num_of_families;521;519;501;495;483;473;478;471;466
Pertunmaa;avg_size_of_family;2.75;2.75;2.75;2.73;2.7;2.72;2.68;2.67;2.66
Petajavesi;num_of_families;1057;1082;1098;1094;1095;1094;1078;1061;1055
Petajavesi;avg_size_of_family;2.91;2.93;2.9;2.94;2.96;2.98;2.99;2.97;2.95
Pieksamaki;num_of_families;5730;5700;5609;5526;5468;5431;5304;5241;5144
Pieksamaki;avg_size_of_family;2.67;2.65;2.64;2.64;2.62;2.6;2.6;2.59;2.57
Pielavesi;num_of_families;1379;1372;1349;1341;1327;1294;1278;1253;1241
Pielavesi;avg_size_of_family;2.84;2.81;2.81;2.79;2.78;2.76;2.77;2.77;2.76
Pietarsaari;num_of_families;5462;5424;5442;5426;5450;5437;5438;5387;5373
Pietarsaari;avg_size_of_family;2.86;2.86;2.85;2.84;2.83;2.82;2.8;2.79;2.78
Pedersoren_kunta;num_of_families;2867;2883;2920;2955;2968;2979;3016;3058;3063
Pedersoren_kunta;avg_size_of_family;3.41;3.4;3.39;3.36;3.34;3.33;3.33;3.3;3.27
Pihtipudas;num_of_families;1256;1230;1218;1183;1154;1139;1104;1111;1105
Pihtipudas;avg_size_of_family;2.89;2.89;2.88;2.9;2.9;2.86;2.87;2.83;2.81
Pirkkala;num_of_families;4685;4796;5011;5166;5254;5342;5371;5417;5503
Pirkkala;avg_size_of_family;2.97;2.97;2.95;2.94;2.93;2.92;2.92;2.93;2.92
Polvijarvi;num_of_families;1292;1285;1291;1286;1283;1276;1259;1237;1224
Polvijarvi;avg_size_of_family;2.78;2.78;2.76;2.74;2.72;2.71;2.69;2.7;2.69
Pomarkku;num_of_families;703;693;691;675;668;658;645;629;631
Pomarkku;avg_size_of_family;2.88;2.87;2.82;2.83;2.81;2.79;2.76;2.78;2.76
Pori;num_of_families;23490;23453;23468;23395;23405;23400;23397;23333;23129
Pori;avg_size_of_family;2.69;2.69;2.68;2.68;2.67;2.67;2.67;2.66;2.65
Pornainen;num_of_families;1341;1374;1380;1383;1396;1411;1409;1414;1411
Pornainen;avg_size_of_family;3.31;3.3;3.3;3.28;3.26;3.22;3.21;3.18;3.16
Posio;num_of_families;1125;1113;1107;1089;1064;1037;1015;990;973
Posio;avg_size_of_family;2.83;2.79;2.73;2.71;2.68;2.65;2.66;2.6;2.59
Pudasjarvi;num_of_families;2292;2242;2222;2202;2206;2175;2153;2122;2089
Pudasjarvi;avg_size_of_family;3.06;3.06;3.03;3;2.96;2.95;2.92;2.9;2.9
Pukkila;num_of_families;547;548;546;555;566;563;556;540;546
Pukkila;avg_size_of_family;3.01;2.97;2.98;2.95;2.94;2.93;2.91;2.91;2.9
Punkalaidun;num_of_families;879;863;841;856;855;849;834;806;795
Punkalaidun;avg_size_of_family;2.86;2.83;2.84;2.79;2.78;2.77;2.76;2.76;2.74
Puolanka;num_of_families;870;859;839;812;798;791;766;755;749
Puolanka;avg_size_of_family;2.74;2.71;2.68;2.67;2.65;2.62;2.62;2.58;2.56
Puumala;num_of_families;711;687;676;669;658;644;638;617;617
Puumala;avg_size_of_family;2.72;2.7;2.66;2.63;2.62;2.6;2.59;2.59;2.57
Pyhtaa;num_of_families;1587;1594;1591;1593;1586;1575;1582;1582;1572
Pyhtaa;avg_size_of_family;2.77;2.76;2.78;2.77;2.77;2.79;2.76;2.75;2.75
Pyhajoki;num_of_families;923;929;926;916;913;923;900;894;885
Pyhajoki;avg_size_of_family;3;2.99;3.01;3;2.95;2.96;2.96;2.92;2.92
Pyhajarvi;num_of_families;1664;1623;1620;1595;1579;1547;1499;1488;1470
Pyhajarvi;avg_size_of_family;2.82;2.83;2.79;2.79;2.79;2.77;2.75;2.74;2.74
Pyhanta;num_of_families;409;402;397;396;397;391;388;400;404
Pyhanta;avg_size_of_family;3.43;3.36;3.34;3.28;3.2;3.18;3.22;3.19;3.16
Pyharanta;num_of_families;684;683;688;675;674;666;641;642;622
Pyharanta;avg_size_of_family;2.79;2.78;2.76;2.76;2.76;2.77;2.76;2.75;2.72
Palkane;num_of_families;1934;1944;1949;1940;1916;1898;1882;1882;1864
Palkane;avg_size_of_family;2.88;2.87;2.83;2.8;2.8;2.8;2.77;2.75;2.74
Poytya;num_of_families;2293;2302;2312;2321;2338;2344;2357;2334;2327
Poytya;avg_size_of_family;2.92;2.93;2.92;2.89;2.91;2.91;2.91;2.9;2.88
Porvoo;num_of_families;13430;13542;13617;13635;13731;13853;13928;13952;13950
Porvoo;avg_size_of_family;2.87;2.86;2.85;2.84;2.83;2.83;2.82;2.81;2.81
Raahe;num_of_families;7060;7020;7005;7001;6992;6912;6897;6833;6780
Raahe;avg_size_of_family;2.93;2.93;2.92;2.92;2.91;2.91;2.9;2.9;2.9
Raisio;num_of_families;6915;6894;6954;6988;6940;6950;6888;6861;6853
Raisio;avg_size_of_family;2.78;2.77;2.77;2.76;2.76;2.76;2.75;2.73;2.73
Rantasalmi;num_of_families;1148;1148;1121;1113;1100;1103;1085;1067;1035
Rantasalmi;avg_size_of_family;2.77;2.72;2.72;2.7;2.69;2.66;2.66;2.62;2.6
Ranua;num_of_families;1066;1068;1054;1052;1035;1021;1012;1009;1009
Ranua;avg_size_of_family;3.33;3.31;3.26;3.22;3.22;3.2;3.16;3.09;3.08
Rauma;num_of_families;11347;11313;11255;11236;11182;11223;11204;11122;10986
Rauma;avg_size_of_family;2.72;2.72;2.72;2.72;2.71;2.7;2.69;2.68;2.68
Rautalampi;num_of_families;965;960;943;955;956;944;929;906;893
Rautalampi;avg_size_of_family;2.74;2.73;2.73;2.69;2.66;2.65;2.62;2.63;2.65
Rautavaara;num_of_families;525;519;510;504;489;474;468;460;448
Rautavaara;avg_size_of_family;2.68;2.66;2.62;2.62;2.62;2.61;2.6;2.6;2.6
Rautjarvi;num_of_families;1166;1138;1110;1085;1067;1055;1026;1003;992
Rautjarvi;avg_size_of_family;2.66;2.65;2.63;2.6;2.59;2.54;2.55;2.54;2.52
Reisjarvi;num_of_families;754;754;749;762;758;747;738;730;723
Reisjarvi;avg_size_of_family;3.23;3.26;3.23;3.2;3.16;3.15;3.14;3.15;3.15
Riihimaki;num_of_families;7738;7746;7779;7836;7873;7841;7841;7792;7739
Riihimaki;avg_size_of_family;2.79;2.78;2.78;2.78;2.77;2.77;2.77;2.76;2.76
Ristijarvi;num_of_families;428;413;407;408;405;399;392;374;368
Ristijarvi;avg_size_of_family;2.7;2.71;2.73;2.68;2.65;2.62;2.61;2.6;2.61
Rovaniemi;num_of_families;15889;15981;15947;16067;16048;16164;16179;16271;16311
Rovaniemi;avg_size_of_family;2.81;2.8;2.8;2.8;2.79;2.78;2.78;2.77;2.76
Ruokolahti;num_of_families;1701;1685;1658;1649;1643;1635;1590;1574;1555
Ruokolahti;avg_size_of_family;2.68;2.68;2.68;2.66;2.66;2.65;2.64;2.61;2.6
Ruovesi;num_of_families;1430;1423;1391;1376;1350;1336;1300;1285;1260
Ruovesi;avg_size_of_family;2.72;2.71;2.7;2.67;2.67;2.64;2.65;2.64;2.63
Rusko;num_of_families;1721;1748;1761;1767;1782;1817;1828;1845;1868
Rusko;avg_size_of_family;3.03;3.02;2.99;2.99;2.97;2.95;2.94;2.93;2.91
Raakkyla;num_of_families;731;716;701;699;679;672;669;659;644
Raakkyla;avg_size_of_family;2.69;2.68;2.65;2.63;2.61;2.6;2.58;2.52;2.48
Raasepori;num_of_families;7956;7983;7984;7931;7889;7872;7875;7807;7734
Raasepori;avg_size_of_family;2.79;2.78;2.79;2.77;2.77;2.76;2.75;2.73;2.71
Saarijarvi;num_of_families;2974;2965;2944;2873;2833;2819;2769;2735;2645
Saarijarvi;avg_size_of_family;2.81;2.79;2.77;2.76;2.75;2.72;2.72;2.71;2.71
Salla;num_of_families;1194;1173;1145;1113;1081;1051;1018;1002;983
Salla;avg_size_of_family;2.71;2.68;2.67;2.64;2.65;2.64;2.63;2.61;2.6
Salo;num_of_families;15191;15246;15280;15266;15175;14994;14867;14813;14736
Salo;avg_size_of_family;2.79;2.77;2.78;2.78;2.77;2.76;2.76;2.74;2.73
Saltvik;num_of_families;515;525;524;533;537;524;533;528;530
Saltvik;avg_size_of_family;2.83;2.82;2.83;2.76;2.77;2.8;2.78;2.79;2.8
Sauvo;num_of_families;857;858;853;865;861;863;866;877;882
Sauvo;avg_size_of_family;2.89;2.88;2.87;2.83;2.83;2.81;2.78;2.76;2.77
Savitaipale;num_of_families;1080;1063;1040;1007;1009;1000;970;966;949
Savitaipale;avg_size_of_family;2.78;2.77;2.74;2.73;2.72;2.7;2.71;2.7;2.67
Savonlinna;num_of_families;10496;10475;10371;10304;10227;10099;10010;9829;9657
Savonlinna;avg_size_of_family;2.68;2.66;2.66;2.65;2.63;2.62;2.62;2.61;2.6
Savukoski;num_of_families;325;315;317;314;303;307;298;288;282
Savukoski;avg_size_of_family;2.84;2.77;2.76;2.76;2.73;2.71;2.69;2.68;2.7
Seinajoki;num_of_families;15548;15751;15980;16124;16303;16443;16561;16735;16813
Seinajoki;avg_size_of_family;2.85;2.85;2.85;2.84;2.84;2.84;2.83;2.83;2.82
Sievi;num_of_families;1250;1237;1252;1236;1224;1214;1199;1205;1196
Sievi;avg_size_of_family;3.62;3.62;3.62;3.63;3.61;3.6;3.61;3.58;3.58
Siikainen;num_of_families;448;447;451;458;446;444;435;421;410
Siikainen;avg_size_of_family;2.82;2.82;2.78;2.76;2.81;2.8;2.76;2.74;2.74
Siikajoki;num_of_families;1449;1452;1422;1435;1426;1427;1411;1379;1364
Siikajoki;avg_size_of_family;3.22;3.2;3.23;3.19;3.18;3.18;3.19;3.2;3.17
Siilinjarvi;num_of_families;5974;6035;6059;6147;6188;6211;6208;6236;6235
Siilinjarvi;avg_size_of_family;2.95;2.95;2.94;2.93;2.92;2.92;2.93;2.92;2.91
Simo;num_of_families;1043;1029;1035;1031;1001;981;967;951;930
Simo;avg_size_of_family;2.85;2.83;2.83;2.79;2.81;2.81;2.8;2.77;2.74
Sipoo;num_of_families;5089;5148;5192;5258;5350;5392;5434;5525;5641
Sipoo;avg_size_of_family;3.02;3.01;3;3.01;2.99;2.99;2.98;2.96;2.95
Siuntio;num_of_families;1697;1743;1763;1774;1780;1792;1807;1797;1782
Siuntio;avg_size_of_family;3.01;3;3;2.99;2.98;2.96;2.94;2.92;2.92
Sodankyla;num_of_families;2464;2441;2435;2454;2475;2484;2453;2429;2376
Sodankyla;avg_size_of_family;2.81;2.8;2.78;2.77;2.75;2.73;2.71;2.71;2.71
Soini;num_of_families;656;640;637;630;626;608;616;597;594
Soini;avg_size_of_family;3.03;3.03;3;3;2.97;2.97;2.94;2.95;2.92
Somero;num_of_families;2622;2601;2569;2577;2561;2517;2525;2497;2455
Somero;avg_size_of_family;2.78;2.77;2.76;2.73;2.72;2.72;2.72;2.71;2.72
Sonkajarvi;num_of_families;1286;1288;1282;1257;1244;1239;1213;1192;1172
Sonkajarvi;avg_size_of_family;2.82;2.81;2.8;2.8;2.75;2.74;2.7;2.68;2.67
Sotkamo;num_of_families;3019;3005;3018;3020;3002;3006;2986;2952;2935
Sotkamo;avg_size_of_family;2.85;2.84;2.82;2.78;2.78;2.77;2.76;2.75;2.75
Sottunga;num_of_families;32;34;32;27;26;24;24;24;22
Sottunga;avg_size_of_family;2.72;2.76;2.75;2.63;2.65;2.54;2.63;2.58;2.68
Sulkava;num_of_families;837;821;808;803;782;774;781;762;740
Sulkava;avg_size_of_family;2.72;2.7;2.69;2.66;2.64;2.62;2.61;2.59;2.58
Sund;num_of_families;298;296;290;295;299;294;302;299;296
Sund;avg_size_of_family;2.79;2.79;2.77;2.76;2.73;2.74;2.72;2.7;2.67
Suomussalmi;num_of_families;2668;2615;2582;2525;2487;2448;2384;2345;2307
Suomussalmi;avg_size_of_family;2.72;2.73;2.69;2.67;2.65;2.64;2.63;2.61;2.6
Suonenjoki;num_of_families;2076;2086;2077;2087;2062;2054;2036;2032;2001
Suonenjoki;avg_size_of_family;2.73;2.71;2.7;2.68;2.67;2.67;2.67;2.67;2.66
Sysma;num_of_families;1226;1186;1145;1144;1120;1105;1096;1076;1048
Sysma;avg_size_of_family;2.68;2.66;2.64;2.63;2.61;2.6;2.6;2.59;2.56
Sakyla;num_of_families;2160;2148;2132;2117;2094;2067;2041;2019;2005
Sakyla;avg_size_of_family;2.8;2.78;2.77;2.76;2.74;2.73;2.72;2.69;2.68
Vaala;num_of_families;922;898;880;876;859;854;853;835;817
Vaala;avg_size_of_family;2.87;2.85;2.85;2.83;2.8;2.78;2.73;2.69;2.71
Sastamala;num_of_families;7167;7144;7176;7168;7160;7120;7048;6991;6885
Sastamala;avg_size_of_family;2.83;2.81;2.8;2.79;2.79;2.76;2.76;2.75;2.75
Siikalatva;num_of_families;1671;1649;1611;1587;1573;1541;1526;1503;1487
Siikalatva;avg_size_of_family;3;2.96;2.94;2.92;2.9;2.87;2.88;2.85;2.84
Taipalsaari;num_of_families;1443;1428;1443;1430;1430;1421;1424;1433;1436
Taipalsaari;avg_size_of_family;2.91;2.9;2.88;2.86;2.83;2.82;2.8;2.8;2.79
Taivalkoski;num_of_families;1165;1146;1140;1134;1118;1107;1100;1090;1092
Taivalkoski;avg_size_of_family;3.14;3.14;3.12;3.1;3.05;3.02;3;2.99;2.94
Taivassalo;num_of_families;497;492;508;505;501;499;489;486;485
Taivassalo;avg_size_of_family;2.71;2.66;2.63;2.59;2.58;2.58;2.6;2.6;2.59
Tammela;num_of_families;1888;1888;1876;1862;1867;1848;1839;1813;1810
Tammela;avg_size_of_family;2.89;2.9;2.89;2.88;2.86;2.84;2.82;2.78;2.77
Tampere;num_of_families;54777;55308;55569;55907;56143;56954;57270;57633;58201
Tampere;avg_size_of_family;2.64;2.63;2.63;2.63;2.63;2.63;2.63;2.62;2.62
Tervo;num_of_families;476;476;465;463;468;464;450;445;448
Tervo;avg_size_of_family;2.73;2.69;2.68;2.65;2.63;2.58;2.56;2.56;2.54
Tervola;num_of_families;941;936;923;926;905;904;874;864;839
Tervola;avg_size_of_family;2.91;2.9;2.9;2.84;2.84;2.83;2.83;2.82;2.8
Teuva;num_of_families;1743;1732;1708;1678;1652;1625;1589;1565;1526
Teuva;avg_size_of_family;2.84;2.8;2.8;2.8;2.79;2.77;2.76;2.75;2.76
Tohmajarvi;num_of_families;1446;1420;1406;1413;1390;1369;1342;1336;1307
Tohmajarvi;avg_size_of_family;2.76;2.75;2.73;2.71;2.69;2.7;2.69;2.67;2.66
Toholampi;num_of_families;938;942;929;932;911;903;909;905;882
Toholampi;avg_size_of_family;3.14;3.1;3.12;3.09;3.09;3.09;3.05;3.03;3.02
Toivakka;num_of_families;660;663;674;696;694;701;695;689;687
Toivakka;avg_size_of_family;2.89;2.88;2.89;2.88;2.86;2.86;2.87;2.83;2.84
Tornio;num_of_families;6189;6143;6133;6141;6100;6064;6051;6012;5981
Tornio;avg_size_of_family;2.9;2.89;2.89;2.89;2.88;2.88;2.87;2.85;2.85
Turku;num_of_families;44538;44741;44947;45017;45212;45750;46145;46559;46802
Turku;avg_size_of_family;2.61;2.6;2.6;2.6;2.6;2.59;2.59;2.59;2.59
Pello;num_of_families;1204;1177;1169;1149;1117;1094;1089;1061;1044
Pello;avg_size_of_family;2.7;2.68;2.65;2.62;2.61;2.59;2.55;2.54;2.52
Tuusniemi;num_of_families;776;768;772;764;771;772;756;750;721
Tuusniemi;avg_size_of_family;2.72;2.72;2.7;2.66;2.64;2.62;2.61;2.56;2.59
Tuusula;num_of_families;10336;10460;10547;10680;10787;10827;10835;10939;10963
Tuusula;avg_size_of_family;3;2.99;2.99;2.98;2.98;2.97;2.96;2.94;2.93
Tyrnava;num_of_families;1521;1552;1563;1576;1603;1598;1616;1629;1627
Tyrnava;avg_size_of_family;3.56;3.59;3.62;3.62;3.65;3.67;3.68;3.69;3.66
Ulvila;num_of_families;4105;4106;4070;4048;4018;3965;3946;3945;3926
Ulvila;avg_size_of_family;2.8;2.79;2.78;2.78;2.77;2.77;2.77;2.77;2.76
Urjala;num_of_families;1496;1472;1481;1459;1441;1419;1385;1354;1329
Urjala;avg_size_of_family;2.72;2.71;2.7;2.69;2.67;2.67;2.66;2.67;2.66
Utajarvi;num_of_families;793;778;775;772;780;781;763;754;742
Utajarvi;avg_size_of_family;3.03;3.03;3.02;2.99;2.95;2.92;2.93;2.9;2.89
Utsjoki;num_of_families;346;349;343;341;343;330;315;315;308
Utsjoki;avg_size_of_family;2.8;2.77;2.82;2.8;2.76;2.78;2.81;2.78;2.83
Uurainen;num_of_families;896;911;926;934;964;966;973;985;990
Uurainen;avg_size_of_family;3.12;3.13;3.16;3.18;3.15;3.15;3.15;3.18;3.2
Uusikaarlepyy;num_of_families;2084;2109;2119;2139;2146;2156;2160;2158;2156
Uusikaarlepyy;avg_size_of_family;2.97;2.95;2.95;2.94;2.93;2.91;2.9;2.9;2.89
Uusikaupunki;num_of_families;4538;4526;4514;4492;4428;4388;4383;4348;4309
Uusikaupunki;avg_size_of_family;2.69;2.67;2.67;2.66;2.66;2.66;2.66;2.66;2.65
Vaasa;num_of_families;17078;17116;17161;17294;17446;17541;17646;17757;17685
Vaasa;avg_size_of_family;2.76;2.77;2.77;2.76;2.76;2.75;2.75;2.75;2.75
Valkeakoski;num_of_families;5804;5790;5879;5900;5912;5892;5867;5875;5852
Valkeakoski;avg_size_of_family;2.73;2.74;2.73;2.73;2.74;2.73;2.74;2.75;2.75
Valtimo;num_of_families;665;648;644;653;647;634;634;620;593
Valtimo;avg_size_of_family;2.78;2.77;2.75;2.71;2.7;2.7;2.68;2.67;2.64
Varkaus;num_of_families;6334;6262;6191;6131;6067;5973;5925;5852;5782
Varkaus;avg_size_of_family;2.7;2.69;2.68;2.66;2.64;2.63;2.62;2.61;2.61
Vehmaa;num_of_families;682;668;658;645;658;657;658;645;650
Vehmaa;avg_size_of_family;2.8;2.79;2.77;2.77;2.71;2.7;2.71;2.69;2.69
Vesanto;num_of_families;665;663;673;666;650;632;626;616;604
Vesanto;avg_size_of_family;2.71;2.67;2.65;2.66;2.62;2.62;2.6;2.56;2.54
Vesilahti;num_of_families;1169;1210;1194;1218;1227;1239;1253;1244;1239
Vesilahti;avg_size_of_family;3.12;3.11;3.12;3.09;3.11;3.1;3.08;3.08;3.06
Veteli;num_of_families;992;991;975;974;960;942;937;938;938
Veteli;avg_size_of_family;2.93;2.92;2.92;2.87;2.86;2.87;2.87;2.83;2.79
Vierema;num_of_families;1130;1101;1098;1095;1079;1058;1048;1032;1037
Vierema;avg_size_of_family;2.88;2.86;2.87;2.86;2.86;2.86;2.84;2.83;2.81
Vihti;num_of_families;7795;7851;7942;8036;8061;8126;8170;8113;8119
Vihti;avg_size_of_family;2.95;2.95;2.95;2.94;2.93;2.92;2.91;2.9;2.89
Viitasaari;num_of_families;1992;1958;1969;1944;1914;1890;1861;1811;1795
Viitasaari;avg_size_of_family;2.77;2.77;2.75;2.74;2.71;2.7;2.68;2.67;2.68
Vimpeli;num_of_families;898;903;895;884;880;874;865;847;833
Vimpeli;avg_size_of_family;3.01;2.99;2.96;2.94;2.94;2.94;2.91;2.91;2.88
Virolahti;num_of_families;1004;1003;1001;1002;991;980;967;947;913
Virolahti;avg_size_of_family;2.72;2.69;2.71;2.69;2.69;2.68;2.67;2.67;2.67
Virrat;num_of_families;2085;2091;2069;2033;2017;1997;1974;1928;1909
Virrat;avg_size_of_family;2.74;2.73;2.71;2.71;2.69;2.68;2.66;2.65;2.65
Vardo;num_of_families;126;127;130;127;119;125;124;125;127
Vardo;avg_size_of_family;2.86;2.82;2.79;2.82;2.81;2.76;2.8;2.76;2.7
Voyri;num_of_families;1852;1864;1885;1902;1895;1897;1903;1913;1887
Voyri;avg_size_of_family;2.93;2.93;2.9;2.9;2.88;2.88;2.88;2.89;2.88
Ylitornio;num_of_families;1343;1328;1314;1299;1276;1246;1197;1187;1161
Ylitornio;avg_size_of_family;2.8;2.8;2.77;2.74;2.72;2.71;2.69;2.67;2.66
Ylivieska;num_of_families;3671;3701;3746;3770;3852;3905;3952;3953;4016
Ylivieska;avg_size_of_family;3.03;3.02;3.01;3.01;3;3.01;3.02;3.01;3
Ylojarvi;num_of_families;8574;8649;8779;8859;9020;9084;9225;9344;9318
Ylojarvi;avg_size_of_family;2.97;2.98;2.97;2.97;2.98;2.97;2.97;2.97;2.98
Ypaja;num_of_families;722;707;705;696;684;688;691;672;666
Ypaja;avg_size_of_family;2.86;2.83;2.8;2.8;2.8;2.77;2.73;2.72;2.7
ahtari;num_of_families;1828;1827;1828;1809;1808;1784;1745;1712;1695
ahtari;avg_size_of_family;2.83;2.81;2.78;2.76;2.74;2.73;2.71;2.7;2.69
aanekoski;num_of_families;5626;5620;5587;5586;5570;5534;5467;5419;5317
aanekoski;avg_size_of_family;2.82;2.81;2.81;2.81;2.8;2.78;2.78;2.77;2.77
